name,label
Adults EXPERT/Free/Expert adults free (1).JPG,9
Adults EXPERT/Free/Expert adults free (10).JPG,9
Adults EXPERT/Free/Expert adults free (11).JPG,9
Adults EXPERT/Free/Expert adults free (12).JPG,9
Adults EXPERT/Free/Expert adults free (13).JPG,9
Adults EXPERT/Free/Expert adults free (14).JPG,9
Adults EXPERT/Free/Expert adults free (15).JPG,9
Adults EXPERT/Free/Expert adults free (16).JPG,9
Adults EXPERT/Free/Expert adults free (17).JPG,9
Adults EXPERT/Free/Expert adults free (18).JPG,9
Adults EXPERT/Free/Expert adults free (19).JPG,9
Adults EXPERT/Free/Expert adults free (2).JPG,9
Adults EXPERT/Free/Expert adults free (20).JPG,9
Adults EXPERT/Free/Expert adults free (21).JPG,9
Adults EXPERT/Free/Expert adults free (3).JPG,9
Adults EXPERT/Free/Expert adults free (4).JPG,9
Adults EXPERT/Free/Expert adults free (5).JPG,9
Adults EXPERT/Free/Expert adults free (6).JPG,9
Adults EXPERT/Free/Expert adults free (7).JPG,9
Adults EXPERT/Free/Expert adults free (8).JPG,9
Adults EXPERT/Free/Expert adults free (9).JPG,9
Adults EXPERT/Portrait/expert adults portrait (1).JPG,9
Adults EXPERT/Portrait/expert adults portrait (10).JPG,9
Adults EXPERT/Portrait/expert adults portrait (11).JPG,9
Adults EXPERT/Portrait/expert adults portrait (12).JPG,9
Adults EXPERT/Portrait/expert adults portrait (13).JPG,9
Adults EXPERT/Portrait/expert adults portrait (14).JPG,9
Adults EXPERT/Portrait/expert adults portrait (15).JPG,9
Adults EXPERT/Portrait/expert adults portrait (16).JPG,9
Adults EXPERT/Portrait/expert adults portrait (17).JPG,9
Adults EXPERT/Portrait/expert adults portrait (18).JPG,9
Adults EXPERT/Portrait/expert adults portrait (19).JPG,9
Adults EXPERT/Portrait/expert adults portrait (2).JPG,9
Adults EXPERT/Portrait/expert adults portrait (20).JPG,9
Adults EXPERT/Portrait/expert adults portrait (21).JPG,9
Adults EXPERT/Portrait/expert adults portrait (3).JPG,9
Adults EXPERT/Portrait/expert adults portrait (4).JPG,9
Adults EXPERT/Portrait/expert adults portrait (5).JPG,9
Adults EXPERT/Portrait/expert adults portrait (6).JPG,9
Adults EXPERT/Portrait/expert adults portrait (7).JPG,9
Adults EXPERT/Portrait/expert adults portrait (8).JPG,9
Adults EXPERT/Portrait/expert adults portrait (9).JPG,9
Adults NOVICES/Free/Naive adults Free (1).jpg,8
Adults NOVICES/Free/Naive adults Free (10).jpg,8
Adults NOVICES/Free/Naive adults Free (11).jpg,8
Adults NOVICES/Free/Naive adults Free (12).JPG,8
Adults NOVICES/Free/Naive adults Free (13).JPG,8
Adults NOVICES/Free/Naive adults Free (14).jpg,8
Adults NOVICES/Free/Naive adults Free (15).JPG,8
Adults NOVICES/Free/Naive adults Free (16).jpg,8
Adults NOVICES/Free/Naive adults Free (17).jpg,8
Adults NOVICES/Free/Naive adults Free (18).jpg,8
Adults NOVICES/Free/Naive adults Free (19).jpg,8
Adults NOVICES/Free/Naive adults Free (2).JPG,8
Adults NOVICES/Free/Naive adults Free (20).JPG,8
Adults NOVICES/Free/Naive adults Free (21).JPG,8
Adults NOVICES/Free/Naive adults Free (3).JPG,8
Adults NOVICES/Free/Naive adults Free (4).JPG,8
Adults NOVICES/Free/Naive adults Free (5).JPG,8
Adults NOVICES/Free/Naive adults Free (6).JPG,8
Adults NOVICES/Free/Naive adults Free (7).JPG,8
Adults NOVICES/Free/Naive adults Free (8).JPG,8
Adults NOVICES/Free/Naive adults Free (9).JPG,8
Adults NOVICES/Portrait/Naive adults portrait (1).jpg,8
Adults NOVICES/Portrait/Naive adults portrait (10).JPG,8
Adults NOVICES/Portrait/Naive adults portrait (11).JPG,8
Adults NOVICES/Portrait/Naive adults portrait (12).JPG,8
Adults NOVICES/Portrait/Naive adults portrait (13).JPG,8
Adults NOVICES/Portrait/Naive adults portrait (14).JPG,8
Adults NOVICES/Portrait/Naive adults portrait (15).JPG,8
Adults NOVICES/Portrait/Naive adults portrait (16).jpg,8
Adults NOVICES/Portrait/Naive adults portrait (17).jpg,8
Adults NOVICES/Portrait/Naive adults portrait (18).jpg,8
Adults NOVICES/Portrait/Naive adults portrait (19).JPG,8
Adults NOVICES/Portrait/Naive adults portrait (2).JPG,8
Adults NOVICES/Portrait/Naive adults portrait (20).jpg,8
Adults NOVICES/Portrait/Naive adults portrait (21).jpg,8
Adults NOVICES/Portrait/Naive adults portrait (3).jpg,8
Adults NOVICES/Portrait/Naive adults portrait (4).JPG,8
Adults NOVICES/Portrait/Naive adults portrait (5).JPG,8
Adults NOVICES/Portrait/Naive adults portrait (6).JPG,8
Adults NOVICES/Portrait/Naive adults portrait (7).jpg,8
Adults NOVICES/Portrait/Naive adults portrait (8).JPG,8
Adults NOVICES/Portrait/Naive adults portrait (9).jpg,8
CE1 (7-8yo)/Free/CE1 Free (1).JPG,4
CE1 (7-8yo)/Free/CE1 Free (10).JPG,4
CE1 (7-8yo)/Free/CE1 Free (11).JPG,4
CE1 (7-8yo)/Free/CE1 Free (12).JPG,4
CE1 (7-8yo)/Free/CE1 Free (13).JPG,4
CE1 (7-8yo)/Free/CE1 Free (14).JPG,4
CE1 (7-8yo)/Free/CE1 Free (15).JPG,4
CE1 (7-8yo)/Free/CE1 Free (16).JPG,4
CE1 (7-8yo)/Free/CE1 Free (17).JPG,4
CE1 (7-8yo)/Free/CE1 Free (18).JPG,4
CE1 (7-8yo)/Free/CE1 Free (19).JPG,4
CE1 (7-8yo)/Free/CE1 Free (2).JPG,4
CE1 (7-8yo)/Free/CE1 Free (20).JPG,4
CE1 (7-8yo)/Free/CE1 Free (21).JPG,4
CE1 (7-8yo)/Free/CE1 Free (22).JPG,4
CE1 (7-8yo)/Free/CE1 Free (3).JPG,4
CE1 (7-8yo)/Free/CE1 Free (4).JPG,4
CE1 (7-8yo)/Free/CE1 Free (5).JPG,4
CE1 (7-8yo)/Free/CE1 Free (6).JPG,4
CE1 (7-8yo)/Free/CE1 Free (7).JPG,4
CE1 (7-8yo)/Free/CE1 Free (8).JPG,4
CE1 (7-8yo)/Free/CE1 Free (9).JPG,4
CE1 (7-8yo)/Portrait/CE1 Portrait (1).JPG,4
CE1 (7-8yo)/Portrait/CE1 Portrait (10).JPG,4
CE1 (7-8yo)/Portrait/CE1 Portrait (11).JPG,4
CE1 (7-8yo)/Portrait/CE1 Portrait (12).JPG,4
CE1 (7-8yo)/Portrait/CE1 Portrait (13).JPG,4
CE1 (7-8yo)/Portrait/CE1 Portrait (14).JPG,4
CE1 (7-8yo)/Portrait/CE1 Portrait (15).JPG,4
CE1 (7-8yo)/Portrait/CE1 Portrait (16).JPG,4
CE1 (7-8yo)/Portrait/CE1 Portrait (17).JPG,4
CE1 (7-8yo)/Portrait/CE1 Portrait (18).JPG,4
CE1 (7-8yo)/Portrait/CE1 Portrait (19).JPG,4
CE1 (7-8yo)/Portrait/CE1 Portrait (2).JPG,4
CE1 (7-8yo)/Portrait/CE1 Portrait (20).JPG,4
CE1 (7-8yo)/Portrait/CE1 Portrait (21).JPG,4
CE1 (7-8yo)/Portrait/CE1 Portrait (3).JPG,4
CE1 (7-8yo)/Portrait/CE1 Portrait (4).JPG,4
CE1 (7-8yo)/Portrait/CE1 Portrait (5).JPG,4
CE1 (7-8yo)/Portrait/CE1 Portrait (6).JPG,4
CE1 (7-8yo)/Portrait/CE1 Portrait (7).JPG,4
CE1 (7-8yo)/Portrait/CE1 Portrait (8).JPG,4
CE1 (7-8yo)/Portrait/CE1 Portrait (9).JPG,4
CE2 (8-9yo)/Free/CE2 Free (1).JPG,5
CE2 (8-9yo)/Free/CE2 Free (10).JPG,5
CE2 (8-9yo)/Free/CE2 Free (11).JPG,5
CE2 (8-9yo)/Free/CE2 Free (12).JPG,5
CE2 (8-9yo)/Free/CE2 Free (13).JPG,5
CE2 (8-9yo)/Free/CE2 Free (14).JPG,5
CE2 (8-9yo)/Free/CE2 Free (15).JPG,5
CE2 (8-9yo)/Free/CE2 Free (16).JPG,5
CE2 (8-9yo)/Free/CE2 Free (17).JPG,5
CE2 (8-9yo)/Free/CE2 Free (2).JPG,5
CE2 (8-9yo)/Free/CE2 Free (3).JPG,5
CE2 (8-9yo)/Free/CE2 Free (4).JPG,5
CE2 (8-9yo)/Free/CE2 Free (5).JPG,5
CE2 (8-9yo)/Free/CE2 Free (6).JPG,5
CE2 (8-9yo)/Free/CE2 Free (7).JPG,5
CE2 (8-9yo)/Free/CE2 Free (8).JPG,5
CE2 (8-9yo)/Free/CE2 Free (9).JPG,5
CE2 (8-9yo)/Portrait/CE2 Portrait (1).JPG,5
CE2 (8-9yo)/Portrait/CE2 Portrait (10).JPG,5
CE2 (8-9yo)/Portrait/CE2 Portrait (11).JPG,5
CE2 (8-9yo)/Portrait/CE2 Portrait (12).JPG,5
CE2 (8-9yo)/Portrait/CE2 Portrait (13).JPG,5
CE2 (8-9yo)/Portrait/CE2 Portrait (14).JPG,5
CE2 (8-9yo)/Portrait/CE2 Portrait (15).JPG,5
CE2 (8-9yo)/Portrait/CE2 Portrait (16).JPG,5
CE2 (8-9yo)/Portrait/CE2 Portrait (17).JPG,5
CE2 (8-9yo)/Portrait/CE2 Portrait (18).JPG,5
CE2 (8-9yo)/Portrait/CE2 Portrait (2).JPG,5
CE2 (8-9yo)/Portrait/CE2 Portrait (3).JPG,5
CE2 (8-9yo)/Portrait/CE2 Portrait (4).JPG,5
CE2 (8-9yo)/Portrait/CE2 Portrait (5).JPG,5
CE2 (8-9yo)/Portrait/CE2 Portrait (6).JPG,5
CE2 (8-9yo)/Portrait/CE2 Portrait (7).JPG,5
CE2 (8-9yo)/Portrait/CE2 Portrait (8).JPG,5
CE2 (8-9yo)/Portrait/CE2 Portrait (9).JPG,5
CM1 (9-10yo)/Free/CM1 Free (1).JPG,6
CM1 (9-10yo)/Free/CM1 Free (10).JPG,6
CM1 (9-10yo)/Free/CM1 Free (11).JPG,6
CM1 (9-10yo)/Free/CM1 Free (12).JPG,6
CM1 (9-10yo)/Free/CM1 Free (13).JPG,6
CM1 (9-10yo)/Free/CM1 Free (14).JPG,6
CM1 (9-10yo)/Free/CM1 Free (15).JPG,6
CM1 (9-10yo)/Free/CM1 Free (16).JPG,6
CM1 (9-10yo)/Free/CM1 Free (17).JPG,6
CM1 (9-10yo)/Free/CM1 Free (18).JPG,6
CM1 (9-10yo)/Free/CM1 Free (19).JPG,6
CM1 (9-10yo)/Free/CM1 Free (2).JPG,6
CM1 (9-10yo)/Free/CM1 Free (20).JPG,6
CM1 (9-10yo)/Free/CM1 Free (3).JPG,6
CM1 (9-10yo)/Free/CM1 Free (4).JPG,6
CM1 (9-10yo)/Free/CM1 Free (5).JPG,6
CM1 (9-10yo)/Free/CM1 Free (6).JPG,6
CM1 (9-10yo)/Free/CM1 Free (7).JPG,6
CM1 (9-10yo)/Free/CM1 Free (8).JPG,6
CM1 (9-10yo)/Free/CM1 Free (9).JPG,6
CM1 (9-10yo)/Portrait/CM1 Portrait (1).JPG,6
CM1 (9-10yo)/Portrait/CM1 Portrait (10).JPG,6
CM1 (9-10yo)/Portrait/CM1 Portrait (11).JPG,6
CM1 (9-10yo)/Portrait/CM1 Portrait (12).JPG,6
CM1 (9-10yo)/Portrait/CM1 Portrait (13).JPG,6
CM1 (9-10yo)/Portrait/CM1 Portrait (14).JPG,6
CM1 (9-10yo)/Portrait/CM1 Portrait (15).JPG,6
CM1 (9-10yo)/Portrait/CM1 Portrait (16).JPG,6
CM1 (9-10yo)/Portrait/CM1 Portrait (17).JPG,6
CM1 (9-10yo)/Portrait/CM1 Portrait (18).JPG,6
CM1 (9-10yo)/Portrait/CM1 Portrait (19).JPG,6
CM1 (9-10yo)/Portrait/CM1 Portrait (2).JPG,6
CM1 (9-10yo)/Portrait/CM1 Portrait (20).JPG,6
CM1 (9-10yo)/Portrait/CM1 Portrait (21).JPG,6
CM1 (9-10yo)/Portrait/CM1 Portrait (3).JPG,6
CM1 (9-10yo)/Portrait/CM1 Portrait (4).JPG,6
CM1 (9-10yo)/Portrait/CM1 Portrait (5).JPG,6
CM1 (9-10yo)/Portrait/CM1 Portrait (6).JPG,6
CM1 (9-10yo)/Portrait/CM1 Portrait (7).JPG,6
CM1 (9-10yo)/Portrait/CM1 Portrait (8).JPG,6
CM1 (9-10yo)/Portrait/CM1 Portrait (9).JPG,6
CM2 (10-11yo)/Free/CM2 Free (1).JPG,7
CM2 (10-11yo)/Free/CM2 Free (10).JPG,7
CM2 (10-11yo)/Free/CM2 Free (11).JPG,7
CM2 (10-11yo)/Free/CM2 Free (12).JPG,7
CM2 (10-11yo)/Free/CM2 Free (13).JPG,7
CM2 (10-11yo)/Free/CM2 Free (14).JPG,7
CM2 (10-11yo)/Free/CM2 Free (15).JPG,7
CM2 (10-11yo)/Free/CM2 Free (16).JPG,7
CM2 (10-11yo)/Free/CM2 Free (17).JPG,7
CM2 (10-11yo)/Free/CM2 Free (18).JPG,7
CM2 (10-11yo)/Free/CM2 Free (19).JPG,7
CM2 (10-11yo)/Free/CM2 Free (2).JPG,7
CM2 (10-11yo)/Free/CM2 Free (20).JPG,7
CM2 (10-11yo)/Free/CM2 Free (21).JPG,7
CM2 (10-11yo)/Free/CM2 Free (22).JPG,7
CM2 (10-11yo)/Free/CM2 Free (3).JPG,7
CM2 (10-11yo)/Free/CM2 Free (4).JPG,7
CM2 (10-11yo)/Free/CM2 Free (5).JPG,7
CM2 (10-11yo)/Free/CM2 Free (6).JPG,7
CM2 (10-11yo)/Free/CM2 Free (7).JPG,7
CM2 (10-11yo)/Free/CM2 Free (8).JPG,7
CM2 (10-11yo)/Free/CM2 Free (9).JPG,7
CM2 (10-11yo)/Portrait/CM2 Portrait (1).JPG,7
CM2 (10-11yo)/Portrait/CM2 Portrait (10).JPG,7
CM2 (10-11yo)/Portrait/CM2 Portrait (11).JPG,7
CM2 (10-11yo)/Portrait/CM2 Portrait (12).JPG,7
CM2 (10-11yo)/Portrait/CM2 Portrait (13).JPG,7
CM2 (10-11yo)/Portrait/CM2 Portrait (14).JPG,7
CM2 (10-11yo)/Portrait/CM2 Portrait (15).JPG,7
CM2 (10-11yo)/Portrait/CM2 Portrait (16).JPG,7
CM2 (10-11yo)/Portrait/CM2 Portrait (17).JPG,7
CM2 (10-11yo)/Portrait/CM2 Portrait (18).JPG,7
CM2 (10-11yo)/Portrait/CM2 Portrait (19).JPG,7
CM2 (10-11yo)/Portrait/CM2 Portrait (2).JPG,7
CM2 (10-11yo)/Portrait/CM2 Portrait (20).JPG,7
CM2 (10-11yo)/Portrait/CM2 Portrait (21).JPG,7
CM2 (10-11yo)/Portrait/CM2 Portrait (22).JPG,7
CM2 (10-11yo)/Portrait/CM2 Portrait (3).JPG,7
CM2 (10-11yo)/Portrait/CM2 Portrait (4).JPG,7
CM2 (10-11yo)/Portrait/CM2 Portrait (5).JPG,7
CM2 (10-11yo)/Portrait/CM2 Portrait (6).JPG,7
CM2 (10-11yo)/Portrait/CM2 Portrait (7).JPG,7
CM2 (10-11yo)/Portrait/CM2 Portrait (8).JPG,7
CM2 (10-11yo)/Portrait/CM2 Portrait (9).JPG,7
Crèche (2-3yo)/Creche (1).JPG,0
Crèche (2-3yo)/Creche (10).jpg,0
Crèche (2-3yo)/Creche (11).jpg,0
Crèche (2-3yo)/Creche (12).jpg,0
Crèche (2-3yo)/Creche (13).jpg,0
Crèche (2-3yo)/Creche (14).jpg,0
Crèche (2-3yo)/Creche (15).JPG,0
Crèche (2-3yo)/Creche (16).JPG,0
Crèche (2-3yo)/Creche (17).JPG,0
Crèche (2-3yo)/Creche (18).JPG,0
Crèche (2-3yo)/Creche (19).JPG,0
Crèche (2-3yo)/Creche (2).JPG,0
Crèche (2-3yo)/Creche (20).JPG,0
Crèche (2-3yo)/Creche (21).JPG,0
Crèche (2-3yo)/Creche (22).JPG,0
Crèche (2-3yo)/Creche (23).JPG,0
Crèche (2-3yo)/Creche (24).JPG,0
Crèche (2-3yo)/Creche (25).JPG,0
Crèche (2-3yo)/Creche (26).JPG,0
Crèche (2-3yo)/Creche (27).JPG,0
Crèche (2-3yo)/Creche (28).JPG,0
Crèche (2-3yo)/Creche (29).JPG,0
Crèche (2-3yo)/Creche (3).JPG,0
Crèche (2-3yo)/Creche (30).JPG,0
Crèche (2-3yo)/Creche (4).JPG,0
Crèche (2-3yo)/Creche (5).JPG,0
Crèche (2-3yo)/Creche (6).JPG,0
Crèche (2-3yo)/Creche (7).JPG,0
Crèche (2-3yo)/Creche (8).JPG,0
Crèche (2-3yo)/Creche (9).jpg,0
Grande section (5-6yo)/Free/Grande section free (1).JPG,3
Grande section (5-6yo)/Free/Grande section free (10).JPG,3
Grande section (5-6yo)/Free/Grande section free (11).JPG,3
Grande section (5-6yo)/Free/Grande section free (12).JPG,3
Grande section (5-6yo)/Free/Grande section free (13).JPG,3
Grande section (5-6yo)/Free/Grande section free (14).JPG,3
Grande section (5-6yo)/Free/Grande section free (15).JPG,3
Grande section (5-6yo)/Free/Grande section free (16).JPG,3
Grande section (5-6yo)/Free/Grande section free (17).JPG,3
Grande section (5-6yo)/Free/Grande section free (18).JPG,3
Grande section (5-6yo)/Free/Grande section free (19).JPG,3
Grande section (5-6yo)/Free/Grande section free (2).JPG,3
Grande section (5-6yo)/Free/Grande section free (20).JPG,3
Grande section (5-6yo)/Free/Grande section free (3).JPG,3
Grande section (5-6yo)/Free/Grande section free (4).JPG,3
Grande section (5-6yo)/Free/Grande section free (5).JPG,3
Grande section (5-6yo)/Free/Grande section free (6).JPG,3
Grande section (5-6yo)/Free/Grande section free (7).JPG,3
Grande section (5-6yo)/Free/Grande section free (8).JPG,3
Grande section (5-6yo)/Free/Grande section free (9).JPG,3
Grande section (5-6yo)/Portrait/Grande section portrait (1).JPG,3
Grande section (5-6yo)/Portrait/Grande section portrait (10).JPG,3
Grande section (5-6yo)/Portrait/Grande section portrait (11).JPG,3
Grande section (5-6yo)/Portrait/Grande section portrait (12).JPG,3
Grande section (5-6yo)/Portrait/Grande section portrait (13).JPG,3
Grande section (5-6yo)/Portrait/Grande section portrait (14).JPG,3
Grande section (5-6yo)/Portrait/Grande section portrait (15).JPG,3
Grande section (5-6yo)/Portrait/Grande section portrait (16).JPG,3
Grande section (5-6yo)/Portrait/Grande section portrait (17).JPG,3
Grande section (5-6yo)/Portrait/Grande section portrait (18).JPG,3
Grande section (5-6yo)/Portrait/Grande section portrait (19).JPG,3
Grande section (5-6yo)/Portrait/Grande section portrait (2).JPG,3
Grande section (5-6yo)/Portrait/Grande section portrait (20).JPG,3
Grande section (5-6yo)/Portrait/Grande section portrait (3).JPG,3
Grande section (5-6yo)/Portrait/Grande section portrait (4).JPG,3
Grande section (5-6yo)/Portrait/Grande section portrait (5).JPG,3
Grande section (5-6yo)/Portrait/Grande section portrait (6).JPG,3
Grande section (5-6yo)/Portrait/Grande section portrait (7).JPG,3
Grande section (5-6yo)/Portrait/Grande section portrait (8).JPG,3
Grande section (5-6yo)/Portrait/Grande section portrait (9).JPG,3
Moyenne section (4-5yo)/Free/Moyenne section free (1).JPG,2
Moyenne section (4-5yo)/Free/Moyenne section free (10).JPG,2
Moyenne section (4-5yo)/Free/Moyenne section free (11).JPG,2
Moyenne section (4-5yo)/Free/Moyenne section free (12).JPG,2
Moyenne section (4-5yo)/Free/Moyenne section free (13).JPG,2
Moyenne section (4-5yo)/Free/Moyenne section free (14).JPG,2
Moyenne section (4-5yo)/Free/Moyenne section free (15).JPG,2
Moyenne section (4-5yo)/Free/Moyenne section free (16).JPG,2
Moyenne section (4-5yo)/Free/Moyenne section free (17).JPG,2
Moyenne section (4-5yo)/Free/Moyenne section free (18).JPG,2
Moyenne section (4-5yo)/Free/Moyenne section free (19).JPG,2
Moyenne section (4-5yo)/Free/Moyenne section free (2).JPG,2
Moyenne section (4-5yo)/Free/Moyenne section free (20).JPG,2
Moyenne section (4-5yo)/Free/Moyenne section free (3).JPG,2
Moyenne section (4-5yo)/Free/Moyenne section free (4).JPG,2
Moyenne section (4-5yo)/Free/Moyenne section free (5).JPG,2
Moyenne section (4-5yo)/Free/Moyenne section free (6).JPG,2
Moyenne section (4-5yo)/Free/Moyenne section free (7).JPG,2
Moyenne section (4-5yo)/Free/Moyenne section free (8).JPG,2
Moyenne section (4-5yo)/Free/Moyenne section free (9).JPG,2
Moyenne section (4-5yo)/Portrait/Moyenne section portrait (1).JPG,2
Moyenne section (4-5yo)/Portrait/Moyenne section portrait (10).JPG,2
Moyenne section (4-5yo)/Portrait/Moyenne section portrait (11).JPG,2
Moyenne section (4-5yo)/Portrait/Moyenne section portrait (12).JPG,2
Moyenne section (4-5yo)/Portrait/Moyenne section portrait (13).JPG,2
Moyenne section (4-5yo)/Portrait/Moyenne section portrait (14).JPG,2
Moyenne section (4-5yo)/Portrait/Moyenne section portrait (15).JPG,2
Moyenne section (4-5yo)/Portrait/Moyenne section portrait (16).JPG,2
Moyenne section (4-5yo)/Portrait/Moyenne section portrait (17).JPG,2
Moyenne section (4-5yo)/Portrait/Moyenne section portrait (18).JPG,2
Moyenne section (4-5yo)/Portrait/Moyenne section portrait (19).JPG,2
Moyenne section (4-5yo)/Portrait/Moyenne section portrait (2).JPG,2
Moyenne section (4-5yo)/Portrait/Moyenne section portrait (20).JPG,2
Moyenne section (4-5yo)/Portrait/Moyenne section portrait (3).JPG,2
Moyenne section (4-5yo)/Portrait/Moyenne section portrait (4).JPG,2
Moyenne section (4-5yo)/Portrait/Moyenne section portrait (5).JPG,2
Moyenne section (4-5yo)/Portrait/Moyenne section portrait (6).JPG,2
Moyenne section (4-5yo)/Portrait/Moyenne section portrait (7).JPG,2
Moyenne section (4-5yo)/Portrait/Moyenne section portrait (8).JPG,2
Moyenne section (4-5yo)/Portrait/Moyenne section portrait (9).JPG,2
Petite section (3-4yo)/Free/Petite section free (1).JPG,1
Petite section (3-4yo)/Free/Petite section free (10).JPG,1
Petite section (3-4yo)/Free/Petite section free (11).JPG,1
Petite section (3-4yo)/Free/Petite section free (12).JPG,1
Petite section (3-4yo)/Free/Petite section free (13).JPG,1
Petite section (3-4yo)/Free/Petite section free (14).JPG,1
Petite section (3-4yo)/Free/Petite section free (15).JPG,1
Petite section (3-4yo)/Free/Petite section free (16).JPG,1
Petite section (3-4yo)/Free/Petite section free (17).JPG,1
Petite section (3-4yo)/Free/Petite section free (18).JPG,1
Petite section (3-4yo)/Free/Petite section free (19).JPG,1
Petite section (3-4yo)/Free/Petite section free (2).JPG,1
Petite section (3-4yo)/Free/Petite section free (20).JPG,1
Petite section (3-4yo)/Free/Petite section free (3).JPG,1
Petite section (3-4yo)/Free/Petite section free (4).JPG,1
Petite section (3-4yo)/Free/Petite section free (5).JPG,1
Petite section (3-4yo)/Free/Petite section free (6).JPG,1
Petite section (3-4yo)/Free/Petite section free (7).JPG,1
Petite section (3-4yo)/Free/Petite section free (8).JPG,1
Petite section (3-4yo)/Free/Petite section free (9).JPG,1
Petite section (3-4yo)/Portrait/Petite section Portrait (1).JPG,1
Petite section (3-4yo)/Portrait/Petite section Portrait (10).JPG,1
Petite section (3-4yo)/Portrait/Petite section Portrait (11).JPG,1
Petite section (3-4yo)/Portrait/Petite section Portrait (12).JPG,1
Petite section (3-4yo)/Portrait/Petite section Portrait (13).JPG,1
Petite section (3-4yo)/Portrait/Petite section Portrait (14).JPG,1
Petite section (3-4yo)/Portrait/Petite section Portrait (15).JPG,1
Petite section (3-4yo)/Portrait/Petite section Portrait (16).JPG,1
Petite section (3-4yo)/Portrait/Petite section Portrait (17).JPG,1
Petite section (3-4yo)/Portrait/Petite section Portrait (18).JPG,1
Petite section (3-4yo)/Portrait/Petite section Portrait (19).JPG,1
Petite section (3-4yo)/Portrait/Petite section Portrait (2).JPG,1
Petite section (3-4yo)/Portrait/Petite section Portrait (20).JPG,1
Petite section (3-4yo)/Portrait/Petite section Portrait (3).JPG,1
Petite section (3-4yo)/Portrait/Petite section Portrait (4).JPG,1
Petite section (3-4yo)/Portrait/Petite section Portrait (5).JPG,1
Petite section (3-4yo)/Portrait/Petite section Portrait (6).JPG,1
Petite section (3-4yo)/Portrait/Petite section Portrait (7).JPG,1
Petite section (3-4yo)/Portrait/Petite section Portrait (8).JPG,1
Petite section (3-4yo)/Portrait/Petite section Portrait (9).JPG,1
